,continent,year,gdpPercap
0,Asia,1952,779.4453145
1,Asia,1957,820.8530296
2,Asia,1962,853.10071
3,Asia,1967,836.1971382
4,Asia,1972,739.9811058
5,Asia,1977,786.11336
6,Asia,1982,978.0114388
7,Asia,1987,852.3959448
8,Asia,1992,649.3413952
9,Asia,1997,635.341351
10,Asia,2002,726.7340548
11,Asia,2007,974.5803384
12,Europe,1952,1601.056136
13,Europe,1957,1942.284244
14,Europe,1962,2312.888958
15,Europe,1967,2760.196931
16,Europe,1972,3313.422188
17,Europe,1977,3533.00391
18,Europe,1982,3630.880722
19,Europe,1987,3738.932735
20,Europe,1992,2497.437901
21,Europe,1997,3193.054604
22,Europe,2002,4604.211737
23,Europe,2007,5937.029526
24,Africa,1952,2449.008185
25,Africa,1957,3013.976023
26,Africa,1962,2550.81688
27,Africa,1967,3246.991771
28,Africa,1972,4182.663766
29,Africa,1977,4910.416756
30,Africa,1982,5745.160213
31,Africa,1987,5681.358539
32,Africa,1992,5023.216647
33,Africa,1997,4797.295051
34,Africa,2002,5288.040382
35,Africa,2007,6223.367465
36,Africa,1952,3520.610273
37,Africa,1957,3827.940465
38,Africa,1962,4269.276742
39,Africa,1967,5522.776375
40,Africa,1972,5473.288005
41,Africa,1977,3008.647355
42,Africa,1982,2756.953672
43,Africa,1987,2430.208311
44,Africa,1992,2627.845685
45,Africa,1997,2277.140884
46,Africa,2002,2773.287312
47,Africa,2007,4797.231267
48,Americas,1952,5911.315053
49,Americas,1957,6856.856212
50,Americas,1962,7133.166023
51,Americas,1967,8052.953021
52,Americas,1972,9443.038526
53,Americas,1977,10079.02674
54,Americas,1982,8997.897412
55,Americas,1987,9139.671389
56,Americas,1992,9308.41871
57,Americas,1997,10967.28195
58,Americas,2002,8797.640716
59,Americas,2007,12779.37964
60,Oceania,1952,10039.59564
61,Oceania,1957,10949.64959
62,Oceania,1962,12217.22686
63,Oceania,1967,14526.12465
64,Oceania,1972,16788.62948
65,Oceania,1977,18334.19751
66,Oceania,1982,19477.00928
67,Oceania,1987,21888.88903
68,Oceania,1992,23424.76683
69,Oceania,1997,26997.93657
70,Oceania,2002,30687.75473
71,Oceania,2007,34435.36744
72,Europe,1952,6137.076492
73,Europe,1957,8842.59803
74,Europe,1962,10750.72111
75,Europe,1967,12834.6024
76,Europe,1972,16661.6256
77,Europe,1977,19749.4223
78,Europe,1982,21597.08362
79,Europe,1987,23687.82607
80,Europe,1992,27042.01868
81,Europe,1997,29095.92066
82,Europe,2002,32417.60769
83,Europe,2007,36126.4927
84,Asia,1952,9867.084765
85,Asia,1957,11635.79945
86,Asia,1962,12753.27514
87,Asia,1967,14804.6727
88,Asia,1972,18268.65839
89,Asia,1977,19340.10196
90,Asia,1982,19211.14731
91,Asia,1987,18524.02406
92,Asia,1992,19035.57917
93,Asia,1997,20292.01679
94,Asia,2002,23403.55927
95,Asia,2007,29796.04834
96,Asia,1952,684.2441716
97,Asia,1957,661.6374577
98,Asia,1962,686.3415538
99,Asia,1967,721.1860862
100,Asia,1972,630.2336265
101,Asia,1977,659.8772322
102,Asia,1982,676.9818656
103,Asia,1987,751.9794035
104,Asia,1992,837.8101643
105,Asia,1997,972.7700352
106,Asia,2002,1136.39043
107,Asia,2007,1391.253792
108,Europe,1952,8343.105127
109,Europe,1957,9714.960623
110,Europe,1962,10991.20676
111,Europe,1967,13149.04119
112,Europe,1972,16672.14356
113,Europe,1977,19117.97448
114,Europe,1982,20979.84589
115,Europe,1987,22525.56308
116,Europe,1992,25575.57069
117,Europe,1997,27561.19663
118,Europe,2002,30485.88375
119,Europe,2007,33692.60508
120,Africa,1952,1062.7522
121,Africa,1957,959.6010805
122,Africa,1962,949.4990641
123,Africa,1967,1035.831411
124,Africa,1972,1085.796879
125,Africa,1977,1029.161251
126,Africa,1982,1277.897616
127,Africa,1987,1225.85601
128,Africa,1992,1191.207681
129,Africa,1997,1232.975292
130,Africa,2002,1372.877931
131,Africa,2007,1441.284873
132,Americas,1952,2677.326347
133,Americas,1957,2127.686326
134,Americas,1962,2180.972546
135,Americas,1967,2586.886053
136,Americas,1972,2980.331339
137,Americas,1977,3548.097832
138,Americas,1982,3156.510452
139,Americas,1987,2753.69149
140,Americas,1992,2961.699694
141,Americas,1997,3326.143191
142,Americas,2002,3413.26269
143,Americas,2007,3822.137084
144,Europe,1952,973.5331948
145,Europe,1957,1353.989176
146,Europe,1962,1709.683679
147,Europe,1967,2172.352423
148,Europe,1972,2860.16975
149,Europe,1977,3528.481305
150,Europe,1982,4126.613157
151,Europe,1987,4314.114757
152,Europe,1992,2546.781445
153,Europe,1997,4766.355904
154,Europe,2002,6018.975239
155,Europe,2007,7446.298803
156,Africa,1952,851.2411407
157,Africa,1957,918.2325349
158,Africa,1962,983.6539764
159,Africa,1967,1214.709294
160,Africa,1972,2263.611114
161,Africa,1977,3214.857818
162,Africa,1982,4551.14215
163,Africa,1987,6205.88385
164,Africa,1992,7954.111645
165,Africa,1997,8647.142313
166,Africa,2002,11003.60508
167,Africa,2007,12569.85177
168,Americas,1952,2108.944355
169,Americas,1957,2487.365989
170,Americas,1962,3336.585802
171,Americas,1967,3429.864357
172,Americas,1972,4985.711467
173,Americas,1977,6660.118654
174,Americas,1982,7030.835878
175,Americas,1987,7807.095818
176,Americas,1992,6950.283021
177,Americas,1997,7957.980824
178,Americas,2002,8131.212843
179,Americas,2007,9065.800825
180,Europe,1952,2444.286648
181,Europe,1957,3008.670727
182,Europe,1962,4254.337839
183,Europe,1967,5577.0028
184,Europe,1972,6597.494398
185,Europe,1977,7612.240438
186,Europe,1982,8224.191647
187,Europe,1987,8239.854824
188,Europe,1992,6302.623438
189,Europe,1997,5970.38876
190,Europe,2002,7696.777725
191,Europe,2007,10680.79282
192,Africa,1952,543.2552413
193,Africa,1957,617.1834648
194,Africa,1962,722.5120206
195,Africa,1967,794.8265597
196,Africa,1972,854.7359763
197,Africa,1977,743.3870368
198,Africa,1982,807.1985855
199,Africa,1987,912.0631417
200,Africa,1992,931.7527731
201,Africa,1997,946.2949618
202,Africa,2002,1037.645221
203,Africa,2007,1217.032994
204,Africa,1952,339.2964587
205,Africa,1957,379.5646281
206,Africa,1962,355.2032273
207,Africa,1967,412.9775136
208,Africa,1972,464.0995039
209,Africa,1977,556.1032651
210,Africa,1982,559.603231
211,Africa,1987,621.8188189
212,Africa,1992,631.6998778
213,Africa,1997,463.1151478
214,Africa,2002,446.4035126
215,Africa,2007,430.0706916
216,Asia,1952,368.4692856
217,Asia,1957,434.0383364
218,Asia,1962,496.9136476
219,Asia,1967,523.4323142
220,Asia,1972,421.6240257
221,Asia,1977,524.9721832
222,Asia,1982,624.4754784
223,Asia,1987,683.8955732
224,Asia,1992,682.3031755
225,Asia,1997,734.28517
226,Asia,2002,896.2260153
227,Asia,2007,1713.778686
228,Africa,1952,1172.667655
229,Africa,1957,1313.048099
230,Africa,1962,1399.607441
231,Africa,1967,1508.453148
232,Africa,1972,1684.146528
233,Africa,1977,1783.432873
234,Africa,1982,2367.983282
235,Africa,1987,2602.664206
236,Africa,1992,1793.163278
237,Africa,1997,1694.337469
238,Africa,2002,1934.011449
239,Africa,2007,2042.09524
240,Americas,1952,11367.16112
241,Americas,1957,12489.95006
242,Americas,1962,13462.48555
243,Americas,1967,16076.58803
244,Americas,1972,18970.57086
245,Americas,1977,22090.88306
246,Americas,1982,22898.79214
247,Americas,1987,26626.51503
248,Americas,1992,26342.88426
249,Americas,1997,28954.92589
250,Americas,2002,33328.96507
251,Americas,2007,36319.23501
252,Africa,1952,1071.310713
253,Africa,1957,1190.844328
254,Africa,1962,1193.068753
255,Africa,1967,1136.056615
256,Africa,1972,1070.013275
257,Africa,1977,1109.374338
258,Africa,1982,956.7529907
259,Africa,1987,844.8763504
260,Africa,1992,747.9055252
261,Africa,1997,740.5063317
262,Africa,2002,738.6906068
263,Africa,2007,706.016537
264,Africa,1952,1178.665927
265,Africa,1957,1308.495577
266,Africa,1962,1389.817618
267,Africa,1967,1196.810565
268,Africa,1972,1104.103987
269,Africa,1977,1133.98495
270,Africa,1982,797.9081006
271,Africa,1987,952.386129
272,Africa,1992,1058.0643
273,Africa,1997,1004.961353
274,Africa,2002,1156.18186
275,Africa,2007,1704.063724
276,Americas,1952,3939.978789
277,Americas,1957,4315.622723
278,Americas,1962,4519.094331
279,Americas,1967,5106.654313
280,Americas,1972,5494.024437
281,Americas,1977,4756.763836
282,Americas,1982,5095.665738
283,Americas,1987,5547.063754
284,Americas,1992,7596.125964
285,Americas,1997,10118.05318
286,Americas,2002,10778.78385
287,Americas,2007,13171.63885
288,Asia,1952,400.448611
289,Asia,1957,575.9870009
290,Asia,1962,487.6740183
291,Asia,1967,612.7056934
292,Asia,1972,676.9000921
293,Asia,1977,741.2374699
294,Asia,1982,962.4213805
295,Asia,1987,1378.904018
296,Asia,1992,1655.784158
297,Asia,1997,2289.234136
298,Asia,2002,3119.280896
299,Asia,2007,4959.114854
300,Americas,1952,2144.115096
301,Americas,1957,2323.805581
302,Americas,1962,2492.351109
303,Americas,1967,2678.729839
304,Americas,1972,3264.660041
305,Americas,1977,3815.80787
306,Americas,1982,4397.575659
307,Americas,1987,4903.2191
308,Americas,1992,5444.648617
309,Americas,1997,6117.361746
310,Americas,2002,5755.259962
311,Americas,2007,7006.580419
312,Africa,1952,1102.990936
313,Africa,1957,1211.148548
314,Africa,1962,1406.648278
315,Africa,1967,1876.029643
316,Africa,1972,1937.577675
317,Africa,1977,1172.603047
318,Africa,1982,1267.100083
319,Africa,1987,1315.980812
320,Africa,1992,1246.90737
321,Africa,1997,1173.618235
322,Africa,2002,1075.811558
323,Africa,2007,986.1478792
324,Africa,1952,780.5423257
325,Africa,1957,905.8602303
326,Africa,1962,896.3146335
327,Africa,1967,861.5932424
328,Africa,1972,904.8960685
329,Africa,1977,795.757282
330,Africa,1982,673.7478181
331,Africa,1987,672.774812
332,Africa,1992,457.7191807
333,Africa,1997,312.188423
334,Africa,2002,241.1658765
335,Africa,2007,277.5518587
336,Africa,1952,2125.621418
337,Africa,1957,2315.056572
338,Africa,1962,2464.783157
339,Africa,1967,2677.939642
340,Africa,1972,3213.152683
341,Africa,1977,3259.178978
342,Africa,1982,4879.507522
343,Africa,1987,4201.194937
344,Africa,1992,4016.239529
345,Africa,1997,3484.164376
346,Africa,2002,3484.06197
347,Africa,2007,3632.557798
348,Americas,1952,2627.009471
349,Americas,1957,2990.010802
350,Americas,1962,3460.937025
351,Americas,1967,4161.727834
352,Americas,1972,5118.146939
353,Americas,1977,5926.876967
354,Americas,1982,5262.734751
355,Americas,1987,5629.915318
356,Americas,1992,6160.416317
357,Americas,1997,6677.045314
358,Americas,2002,7723.447195
359,Americas,2007,9645.06142
360,Africa,1952,1388.594732
361,Africa,1957,1500.895925
362,Africa,1962,1728.869428
363,Africa,1967,2052.050473
364,Africa,1972,2378.201111
365,Africa,1977,2517.736547
366,Africa,1982,2602.710169
367,Africa,1987,2156.956069
368,Africa,1992,1648.073791
369,Africa,1997,1786.265407
370,Africa,2002,1648.800823
371,Africa,2007,1544.750112
372,Europe,1952,3119.23652
373,Europe,1957,4338.231617
374,Europe,1962,5477.890018
375,Europe,1967,6960.297861
376,Europe,1972,9164.090127
377,Europe,1977,11305.38517
378,Europe,1982,13221.82184
379,Europe,1987,13822.58394
380,Europe,1992,8447.794873
381,Europe,1997,9875.604515
382,Europe,2002,11628.38895
383,Europe,2007,14619.22272
384,Americas,1952,5586.53878
385,Americas,1957,6092.174359
386,Americas,1962,5180.75591
387,Americas,1967,5690.268015
388,Americas,1972,5305.445256
389,Americas,1977,6380.494966
390,Americas,1982,7316.918107
391,Americas,1987,7532.924763
392,Americas,1992,5592.843963
393,Americas,1997,5431.990415
394,Americas,2002,6340.646683
395,Americas,2007,8948.102923
396,Europe,1952,6876.14025
397,Europe,1957,8256.343918
398,Europe,1962,10136.86713
399,Europe,1967,11399.44489
400,Europe,1972,13108.4536
401,Europe,1977,14800.16062
402,Europe,1982,15377.22855
403,Europe,1987,16310.4434
404,Europe,1992,14297.02122
405,Europe,1997,16048.51424
406,Europe,2002,17596.21022
407,Europe,2007,22833.30851
408,Europe,1952,9692.385245
409,Europe,1957,11099.65935
410,Europe,1962,13583.31351
411,Europe,1967,15937.21123
412,Europe,1972,18866.20721
413,Europe,1977,20422.9015
414,Europe,1982,21688.04048
415,Europe,1987,25116.17581
416,Europe,1992,26406.73985
417,Europe,1997,29804.34567
418,Europe,2002,32166.50006
419,Europe,2007,35278.41874
420,Africa,1952,2669.529475
421,Africa,1957,2864.969076
422,Africa,1962,3020.989263
423,Africa,1967,3020.050513
424,Africa,1972,3694.212352
425,Africa,1977,3081.761022
426,Africa,1982,2879.468067
427,Africa,1987,2880.102568
428,Africa,1992,2377.156192
429,Africa,1997,1895.016984
430,Africa,2002,1908.260867
431,Africa,2007,2082.481567
432,Americas,1952,1397.717137
433,Americas,1957,1544.402995
434,Americas,1962,1662.137359
435,Americas,1967,1653.723003
436,Americas,1972,2189.874499
437,Americas,1977,2681.9889
438,Americas,1982,2861.092386
439,Americas,1987,2899.842175
440,Americas,1992,3044.214214
441,Americas,1997,3614.101285
442,Americas,2002,4563.808154
443,Americas,2007,6025.374752
444,Americas,1952,3522.110717
445,Americas,1957,3780.546651
446,Americas,1962,4086.114078
447,Americas,1967,4579.074215
448,Americas,1972,5280.99471
449,Americas,1977,6679.62326
450,Americas,1982,7213.791267
451,Americas,1987,6481.776993
452,Americas,1992,7103.702595
453,Americas,1997,7429.455877
454,Americas,2002,5773.044512
455,Americas,2007,6873.262326
456,Africa,1952,1418.822445
457,Africa,1957,1458.915272
458,Africa,1962,1693.335853
459,Africa,1967,1814.880728
460,Africa,1972,2024.008147
461,Africa,1977,2785.493582
462,Africa,1982,3503.729636
463,Africa,1987,3885.46071
464,Africa,1992,3794.755195
465,Africa,1997,4173.181797
466,Africa,2002,4754.604414
467,Africa,2007,5581.180998
468,Americas,1952,3048.3029
469,Americas,1957,3421.523218
470,Americas,1962,3776.803627
471,Americas,1967,4358.595393
472,Americas,1972,4520.246008
473,Americas,1977,5138.922374
474,Americas,1982,4098.344175
475,Americas,1987,4140.442097
476,Americas,1992,4444.2317
477,Americas,1997,5154.825496
478,Americas,2002,5351.568666
479,Americas,2007,5728.353514
480,Africa,1952,375.6431231
481,Africa,1957,426.0964081
482,Africa,1962,582.8419714
483,Africa,1967,915.5960025
484,Africa,1972,672.4122571
485,Africa,1977,958.5668124
486,Africa,1982,927.8253427
487,Africa,1987,966.8968149
488,Africa,1992,1132.055034
489,Africa,1997,2814.480755
490,Africa,2002,7703.4959
491,Africa,2007,12154.08975
492,Africa,1952,328.9405571
493,Africa,1957,344.1618859
494,Africa,1962,380.9958433
495,Africa,1967,468.7949699
496,Africa,1972,514.3242082
497,Africa,1977,505.7538077
498,Africa,1982,524.8758493
499,Africa,1987,521.1341333
500,Africa,1992,582.8585102
501,Africa,1997,913.47079
502,Africa,2002,765.3500015
503,Africa,2007,641.3695236
504,Africa,1952,362.1462796
505,Africa,1957,378.9041632
506,Africa,1962,419.4564161
507,Africa,1967,516.1186438
508,Africa,1972,566.2439442
509,Africa,1977,556.8083834
510,Africa,1982,577.8607471
511,Africa,1987,573.7413142
512,Africa,1992,421.3534653
513,Africa,1997,515.8894013
514,Africa,2002,530.0535319
515,Africa,2007,690.8055759
516,Europe,1952,6424.519071
517,Europe,1957,7545.415386
518,Europe,1962,9371.842561
519,Europe,1967,10921.63626
520,Europe,1972,14358.8759
521,Europe,1977,15605.42283
522,Europe,1982,18533.15761
523,Europe,1987,21141.01223
524,Europe,1992,20647.16499
525,Europe,1997,23723.9502
526,Europe,2002,28204.59057
527,Europe,2007,33207.0844
528,Europe,1952,7029.809327
529,Europe,1957,8662.834898
530,Europe,1962,10560.48553
531,Europe,1967,12999.91766
532,Europe,1972,16107.19171
533,Europe,1977,18292.63514
534,Europe,1982,20293.89746
535,Europe,1987,22066.44214
536,Europe,1992,24703.79615
537,Europe,1997,25889.78487
538,Europe,2002,28926.03234
539,Europe,2007,30470.0167
540,Africa,1952,4293.476475
541,Africa,1957,4976.198099
542,Africa,1962,6631.459222
543,Africa,1967,8358.761987
544,Africa,1972,11401.94841
545,Africa,1977,21745.57328
546,Africa,1982,15113.36194
547,Africa,1987,11864.40844
548,Africa,1992,13522.15752
549,Africa,1997,14722.84188
550,Africa,2002,12521.71392
551,Africa,2007,13206.48452
552,Africa,1952,485.2306591
553,Africa,1957,520.9267111
554,Africa,1962,599.650276
555,Africa,1967,734.7829124
556,Africa,1972,756.0868363
557,Africa,1977,884.7552507
558,Africa,1982,835.8096108
559,Africa,1987,611.6588611
560,Africa,1992,665.6244126
561,Africa,1997,653.7301704
562,Africa,2002,660.5855997
563,Africa,2007,752.7497265
564,Europe,1952,7144.114393
565,Europe,1957,10187.82665
566,Europe,1962,12902.46291
567,Europe,1967,14745.62561
568,Europe,1972,18016.18027
569,Europe,1977,20512.92123
570,Europe,1982,22031.53274
571,Europe,1987,24639.18566
572,Europe,1992,26505.30317
573,Europe,1997,27788.88416
574,Europe,2002,30035.80198
575,Europe,2007,32170.37442
576,Africa,1952,911.2989371
577,Africa,1957,1043.561537
578,Africa,1962,1190.041118
579,Africa,1967,1125.69716
580,Africa,1972,1178.223708
581,Africa,1977,993.2239571
582,Africa,1982,876.032569
583,Africa,1987,847.0061135
584,Africa,1992,925.060154
585,Africa,1997,1005.245812
586,Africa,2002,1111.984578
587,Africa,2007,1327.60891
588,Europe,1952,3530.690067
589,Europe,1957,4916.299889
590,Europe,1962,6017.190733
591,Europe,1967,8513.097016
592,Europe,1972,12724.82957
593,Europe,1977,14195.52428
594,Europe,1982,15268.42089
595,Europe,1987,16120.52839
596,Europe,1992,17541.49634
597,Europe,1997,18747.69814
598,Europe,2002,22514.2548
599,Europe,2007,27538.41188
600,Americas,1952,2428.237769
601,Americas,1957,2617.155967
602,Americas,1962,2750.364446
603,Americas,1967,3242.531147
604,Americas,1972,4031.408271
605,Americas,1977,4879.992748
606,Americas,1982,4820.49479
607,Americas,1987,4246.485974
608,Americas,1992,4439.45084
609,Americas,1997,4684.313807
610,Americas,2002,4858.347495
611,Americas,2007,5186.050003
612,Africa,1952,510.1964923
613,Africa,1957,576.2670245
614,Africa,1962,686.3736739
615,Africa,1967,708.7595409
616,Africa,1972,741.6662307
617,Africa,1977,874.6858643
618,Africa,1982,857.2503577
619,Africa,1987,805.5724718
620,Africa,1992,794.3484384
621,Africa,1997,869.4497668
622,Africa,2002,945.5835837
623,Africa,2007,942.6542111
624,Africa,1952,299.850319
625,Africa,1957,431.7904566
626,Africa,1962,522.0343725
627,Africa,1967,715.5806402
628,Africa,1972,820.2245876
629,Africa,1977,764.7259628
630,Africa,1982,838.1239671
631,Africa,1987,736.4153921
632,Africa,1992,745.5398706
633,Africa,1997,796.6644681
634,Africa,2002,575.7047176
635,Africa,2007,579.231743
636,Americas,1952,1840.366939
637,Americas,1957,1726.887882
638,Americas,1962,1796.589032
639,Americas,1967,1452.057666
640,Americas,1972,1654.456946
641,Americas,1977,1874.298931
642,Americas,1982,2011.159549
643,Americas,1987,1823.015995
644,Americas,1992,1456.309517
645,Americas,1997,1341.726931
646,Americas,2002,1270.364932
647,Americas,2007,1201.637154
648,Americas,1952,2194.926204
649,Americas,1957,2220.487682
650,Americas,1962,2291.156835
651,Americas,1967,2538.269358
652,Americas,1972,2529.842345
653,Americas,1977,3203.208066
654,Americas,1982,3121.760794
655,Americas,1987,3023.096699
656,Americas,1992,3081.694603
657,Americas,1997,3160.454906
658,Americas,2002,3099.72866
659,Americas,2007,3548.330846
660,Asia,1952,3054.421209
661,Asia,1957,3629.076457
662,Asia,1962,4692.648272
663,Asia,1967,6197.962814
664,Asia,1972,8315.928145
665,Asia,1977,11186.14125
666,Asia,1982,14560.53051
667,Asia,1987,20038.47269
668,Asia,1992,24757.60301
669,Asia,1997,28377.63219
670,Asia,2002,30209.01516
671,Asia,2007,39724.97867
672,Europe,1952,5263.673816
673,Europe,1957,6040.180011
674,Europe,1962,7550.359877
675,Europe,1967,9326.64467
676,Europe,1972,10168.65611
677,Europe,1977,11674.83737
678,Europe,1982,12545.99066
679,Europe,1987,12986.47998
680,Europe,1992,10535.62855
681,Europe,1997,11712.7768
682,Europe,2002,14843.93556
683,Europe,2007,18008.94444
684,Europe,1952,7267.688428
685,Europe,1957,9244.001412
686,Europe,1962,10350.15906
687,Europe,1967,13319.89568
688,Europe,1972,15798.06362
689,Europe,1977,19654.96247
690,Europe,1982,23269.6075
691,Europe,1987,26923.20628
692,Europe,1992,25144.39201
693,Europe,1997,28061.09966
694,Europe,2002,31163.20196
695,Europe,2007,36180.78919
696,Asia,1952,546.5657493
697,Asia,1957,590.061996
698,Asia,1962,658.3471509
699,Asia,1967,700.7706107
700,Asia,1972,724.032527
701,Asia,1977,813.337323
702,Asia,1982,855.7235377
703,Asia,1987,976.5126756
704,Asia,1992,1164.406809
705,Asia,1997,1458.817442
706,Asia,2002,1746.769454
707,Asia,2007,2452.210407
708,Asia,1952,749.6816546
709,Asia,1957,858.9002707
710,Asia,1962,849.2897701
711,Asia,1967,762.4317721
712,Asia,1972,1111.107907
713,Asia,1977,1382.702056
714,Asia,1982,1516.872988
715,Asia,1987,1748.356961
716,Asia,1992,2383.140898
717,Asia,1997,3119.335603
718,Asia,2002,2873.91287
719,Asia,2007,3540.651564
720,Asia,1952,3035.326002
721,Asia,1957,3290.257643
722,Asia,1962,4187.329802
723,Asia,1967,5906.731805
724,Asia,1972,9613.818607
725,Asia,1977,11888.59508
726,Asia,1982,7608.334602
727,Asia,1987,6642.881371
728,Asia,1992,7235.653188
729,Asia,1997,8263.590301
730,Asia,2002,9240.761975
731,Asia,2007,11605.71449
732,Asia,1952,4129.766056
733,Asia,1957,6229.333562
734,Asia,1962,8341.737815
735,Asia,1967,8931.459811
736,Asia,1972,9576.037596
737,Asia,1977,14688.23507
738,Asia,1982,14517.90711
739,Asia,1987,11643.57268
740,Asia,1992,3745.640687
741,Asia,1997,3076.239795
742,Asia,2002,4390.717312
743,Asia,2007,4471.061906
744,Europe,1952,5210.280328
745,Europe,1957,5599.077872
746,Europe,1962,6631.597314
747,Europe,1967,7655.568963
748,Europe,1972,9530.772896
749,Europe,1977,11150.98113
750,Europe,1982,12618.32141
751,Europe,1987,13872.86652
752,Europe,1992,17558.81555
753,Europe,1997,24521.94713
754,Europe,2002,34077.04939
755,Europe,2007,40675.99635
756,Asia,1952,4086.522128
757,Asia,1957,5385.278451
758,Asia,1962,7105.630706
759,Asia,1967,8393.741404
760,Asia,1972,12786.93223
761,Asia,1977,13306.61921
762,Asia,1982,15367.0292
763,Asia,1987,17122.47986
764,Asia,1992,18051.52254
765,Asia,1997,20896.60924
766,Asia,2002,21905.59514
767,Asia,2007,25523.2771
768,Europe,1952,4931.404155
769,Europe,1957,6248.656232
770,Europe,1962,8243.58234
771,Europe,1967,10022.40131
772,Europe,1972,12269.27378
773,Europe,1977,14255.98475
774,Europe,1982,16537.4835
775,Europe,1987,19207.23482
776,Europe,1992,22013.64486
777,Europe,1997,24675.02446
778,Europe,2002,27968.09817
779,Europe,2007,28569.7197
780,Americas,1952,2898.530881
781,Americas,1957,4756.525781
782,Americas,1962,5246.107524
783,Americas,1967,6124.703451
784,Americas,1972,7433.889293
785,Americas,1977,6650.195573
786,Americas,1982,6068.05135
787,Americas,1987,6351.237495
788,Americas,1992,7404.923685
789,Americas,1997,7121.924704
790,Americas,2002,6994.774861
791,Americas,2007,7320.880262
792,Asia,1952,3216.956347
793,Asia,1957,4317.694365
794,Asia,1962,6576.649461
795,Asia,1967,9847.788607
796,Asia,1972,14778.78636
797,Asia,1977,16610.37701
798,Asia,1982,19384.10571
799,Asia,1987,22375.94189
800,Asia,1992,26824.89511
801,Asia,1997,28816.58499
802,Asia,2002,28604.5919
803,Asia,2007,31656.06806
804,Asia,1952,1546.907807
805,Asia,1957,1886.080591
806,Asia,1962,2348.009158
807,Asia,1967,2741.796252
808,Asia,1972,2110.856309
809,Asia,1977,2852.351568
810,Asia,1982,4161.415959
811,Asia,1987,4448.679912
812,Asia,1992,3431.593647
813,Asia,1997,3645.379572
814,Asia,2002,3844.917194
815,Asia,2007,4519.461171
816,Africa,1952,853.540919
817,Africa,1957,944.4383152
818,Africa,1962,896.9663732
819,Africa,1967,1056.736457
820,Africa,1972,1222.359968
821,Africa,1977,1267.613204
822,Africa,1982,1348.225791
823,Africa,1987,1361.936856
824,Africa,1992,1341.921721
825,Africa,1997,1360.485021
826,Africa,2002,1287.514732
827,Africa,2007,1463.249282
828,Asia,1952,1088.277758
829,Asia,1957,1571.134655
830,Asia,1962,1621.693598
831,Asia,1967,2143.540609
832,Asia,1972,3701.621503
833,Asia,1977,4106.301249
834,Asia,1982,4106.525293
835,Asia,1987,4106.492315
836,Asia,1992,3726.063507
837,Asia,1997,1690.756814
838,Asia,2002,1646.758151
839,Asia,2007,1593.06548
840,Asia,1952,1030.592226
841,Asia,1957,1487.593537
842,Asia,1962,1536.344387
843,Asia,1967,2029.228142
844,Asia,1972,3030.87665
845,Asia,1977,4657.22102
846,Asia,1982,5622.942464
847,Asia,1987,8533.088805
848,Asia,1992,12104.27872
849,Asia,1997,15993.52796
850,Asia,2002,19233.98818
851,Asia,2007,23348.13973
852,Asia,1952,108382.3529
853,Asia,1957,113523.1329
854,Asia,1962,95458.11176
855,Asia,1967,80894.88326
856,Asia,1972,109347.867
857,Asia,1977,59265.47714
858,Asia,1982,31354.03573
859,Asia,1987,28118.42998
860,Asia,1992,34932.91959
861,Asia,1997,40300.61996
862,Asia,2002,35110.10566
863,Asia,2007,47306.98978
864,Asia,1952,4834.804067
865,Asia,1957,6089.786934
866,Asia,1962,5714.560611
867,Asia,1967,6006.983042
868,Asia,1972,7486.384341
869,Asia,1977,8659.696836
870,Asia,1982,7640.519521
871,Asia,1987,5377.091329
872,Asia,1992,6890.806854
873,Asia,1997,8754.96385
874,Asia,2002,9313.93883
875,Asia,2007,10461.05868
876,Africa,1952,298.8462121
877,Africa,1957,335.9971151
878,Africa,1962,411.8006266
879,Africa,1967,498.6390265
880,Africa,1972,496.5815922
881,Africa,1977,745.3695408
882,Africa,1982,797.2631074
883,Africa,1987,773.9932141
884,Africa,1992,977.4862725
885,Africa,1997,1186.147994
886,Africa,2002,1275.184575
887,Africa,2007,1569.331442
888,Africa,1952,575.5729961
889,Africa,1957,620.9699901
890,Africa,1962,634.1951625
891,Africa,1967,713.6036483
892,Africa,1972,803.0054535
893,Africa,1977,640.3224383
894,Africa,1982,572.1995694
895,Africa,1987,506.1138573
896,Africa,1992,636.6229191
897,Africa,1997,609.1739508
898,Africa,2002,531.4823679
899,Africa,2007,414.5073415
900,Africa,1952,2387.54806
901,Africa,1957,3448.284395
902,Africa,1962,6757.030816
903,Africa,1967,18772.75169
904,Africa,1972,21011.49721
905,Africa,1977,21951.21176
906,Africa,1982,17364.27538
907,Africa,1987,11770.5898
908,Africa,1992,9640.138501
909,Africa,1997,9467.446056
910,Africa,2002,9534.677467
911,Africa,2007,12057.49928
912,Africa,1952,1443.011715
913,Africa,1957,1589.20275
914,Africa,1962,1643.38711
915,Africa,1967,1634.047282
916,Africa,1972,1748.562982
917,Africa,1977,1544.228586
918,Africa,1982,1302.878658
919,Africa,1987,1155.441948
920,Africa,1992,1040.67619
921,Africa,1997,986.2958956
922,Africa,2002,894.6370822
923,Africa,2007,1044.770126
924,Africa,1952,369.1650802
925,Africa,1957,416.3698064
926,Africa,1962,427.9010856
927,Africa,1967,495.5147806
928,Africa,1972,584.6219709
929,Africa,1977,663.2236766
930,Africa,1982,632.8039209
931,Africa,1987,635.5173634
932,Africa,1992,563.2000145
933,Africa,1997,692.2758103
934,Africa,2002,665.4231186
935,Africa,2007,759.3499101
936,Asia,1952,1831.132894
937,Asia,1957,1810.066992
938,Asia,1962,2036.884944
939,Asia,1967,2277.742396
940,Asia,1972,2849.09478
941,Asia,1977,3827.921571
942,Asia,1982,4920.355951
943,Asia,1987,5249.802653
944,Asia,1992,7277.912802
945,Asia,1997,10132.90964
946,Asia,2002,10206.97794
947,Asia,2007,12451.6558
948,Africa,1952,452.3369807
949,Africa,1957,490.3821867
950,Africa,1962,496.1743428
951,Africa,1967,545.0098873
952,Africa,1972,581.3688761
953,Africa,1977,686.3952693
954,Africa,1982,618.0140641
955,Africa,1987,684.1715576
956,Africa,1992,739.014375
957,Africa,1997,790.2579846
958,Africa,2002,951.4097518
959,Africa,2007,1042.581557
960,Africa,1952,743.1159097
961,Africa,1957,846.1202613
962,Africa,1962,1055.896036
963,Africa,1967,1421.145193
964,Africa,1972,1586.851781
965,Africa,1977,1497.492223
966,Africa,1982,1481.150189
967,Africa,1987,1421.603576
968,Africa,1992,1361.369784
969,Africa,1997,1483.136136
970,Africa,2002,1579.019543
971,Africa,2007,1803.151496
972,Africa,1952,1967.955707
973,Africa,1957,2034.037981
974,Africa,1962,2529.067487
975,Africa,1967,2475.387562
976,Africa,1972,2575.484158
977,Africa,1977,3710.982963
978,Africa,1982,3688.037739
979,Africa,1987,4783.586903
980,Africa,1992,6058.253846
981,Africa,1997,7425.705295
982,Africa,2002,9021.815894
983,Africa,2007,10956.99112
984,Americas,1952,3478.125529
985,Americas,1957,4131.546641
986,Americas,1962,4581.609385
987,Americas,1967,5754.733883
988,Americas,1972,6809.40669
989,Americas,1977,7674.929108
990,Americas,1982,9611.147541
991,Americas,1987,8688.156003
992,Americas,1992,9472.384295
993,Americas,1997,9767.29753
994,Americas,2002,10742.44053
995,Americas,2007,11977.57496
996,Asia,1952,786.5668575
997,Asia,1957,912.6626085
998,Asia,1962,1056.353958
999,Asia,1967,1226.04113
1000,Asia,1972,1421.741975
1001,Asia,1977,1647.511665
1002,Asia,1982,2000.603139
1003,Asia,1987,2338.008304
1004,Asia,1992,1785.402016
1005,Asia,1997,1902.2521
1006,Asia,2002,2140.739323
1007,Asia,2007,3095.772271
1008,Europe,1952,2647.585601
1009,Europe,1957,3682.259903
1010,Europe,1962,4649.593785
1011,Europe,1967,5907.850937
1012,Europe,1972,7778.414017
1013,Europe,1977,9595.929905
1014,Europe,1982,11222.58762
1015,Europe,1987,11732.51017
1016,Europe,1992,7003.339037
1017,Europe,1997,6465.613349
1018,Europe,2002,6557.194282
1019,Europe,2007,9253.896111
1020,Africa,1952,1688.20357
1021,Africa,1957,1642.002314
1022,Africa,1962,1566.353493
1023,Africa,1967,1711.04477
1024,Africa,1972,1930.194975
1025,Africa,1977,2370.619976
1026,Africa,1982,2702.620356
1027,Africa,1987,2755.046991
1028,Africa,1992,2948.047252
1029,Africa,1997,2982.101858
1030,Africa,2002,3258.495584
1031,Africa,2007,3820.17523
1032,Africa,1952,468.5260381
1033,Africa,1957,495.5868333
1034,Africa,1962,556.6863539
1035,Africa,1967,566.6691539
1036,Africa,1972,724.9178037
1037,Africa,1977,502.3197334
1038,Africa,1982,462.2114149
1039,Africa,1987,389.8761846
1040,Africa,1992,410.8968239
1041,Africa,1997,472.3460771
1042,Africa,2002,633.6179466
1043,Africa,2007,823.6856205
1044,Asia,1952,331.0
1045,Asia,1957,350.0
1046,Asia,1962,388.0
1047,Asia,1967,349.0
1048,Asia,1972,357.0
1049,Asia,1977,371.0
1050,Asia,1982,424.0
1051,Asia,1987,385.0
1052,Asia,1992,347.0
1053,Asia,1997,415.0
1054,Asia,2002,611.0
1055,Asia,2007,944.0
1056,Africa,1952,2423.780443
1057,Africa,1957,2621.448058
1058,Africa,1962,3173.215595
1059,Africa,1967,3793.694753
1060,Africa,1972,3746.080948
1061,Africa,1977,3876.485958
1062,Africa,1982,4191.100511
1063,Africa,1987,3693.731337
1064,Africa,1992,3804.537999
1065,Africa,1997,3899.52426
1066,Africa,2002,4072.324751
1067,Africa,2007,4811.060429
1068,Asia,1952,545.8657229
1069,Asia,1957,597.9363558
1070,Asia,1962,652.3968593
1071,Asia,1967,676.4422254
1072,Asia,1972,674.7881296
1073,Asia,1977,694.1124398
1074,Asia,1982,718.3730947
1075,Asia,1987,775.6324501
1076,Asia,1992,897.7403604
1077,Asia,1997,1010.892138
1078,Asia,2002,1057.206311
1079,Asia,2007,1091.359778
1080,Europe,1952,8941.571858
1081,Europe,1957,11276.19344
1082,Europe,1962,12790.84956
1083,Europe,1967,15363.25136
1084,Europe,1972,18794.74567
1085,Europe,1977,21209.0592
1086,Europe,1982,21399.46046
1087,Europe,1987,23651.32361
1088,Europe,1992,26790.94961
1089,Europe,1997,30246.13063
1090,Europe,2002,33724.75778
1091,Europe,2007,36797.93332
1092,Oceania,1952,10556.57566
1093,Oceania,1957,12247.39532
1094,Oceania,1962,13175.678
1095,Oceania,1967,14463.91893
1096,Oceania,1972,16046.03728
1097,Oceania,1977,16233.7177
1098,Oceania,1982,17632.4104
1099,Oceania,1987,19007.19129
1100,Oceania,1992,18363.32494
1101,Oceania,1997,21050.41377
1102,Oceania,2002,23189.80135
1103,Oceania,2007,25185.00911
1104,Americas,1952,3112.363948
1105,Americas,1957,3457.415947
1106,Americas,1962,3634.364406
1107,Americas,1967,4643.393534
1108,Americas,1972,4688.593267
1109,Americas,1977,5486.371089
1110,Americas,1982,3470.338156
1111,Americas,1987,2955.984375
1112,Americas,1992,2170.151724
1113,Americas,1997,2253.023004
1114,Americas,2002,2474.548819
1115,Americas,2007,2749.320965
1116,Africa,1952,761.879376
1117,Africa,1957,835.5234025
1118,Africa,1962,997.7661127
1119,Africa,1967,1054.384891
1120,Africa,1972,954.2092363
1121,Africa,1977,808.8970728
1122,Africa,1982,909.7221354
1123,Africa,1987,668.3000228
1124,Africa,1992,581.182725
1125,Africa,1997,580.3052092
1126,Africa,2002,601.0745012
1127,Africa,2007,619.6768924
1128,Africa,1952,1077.281856
1129,Africa,1957,1100.592563
1130,Africa,1962,1150.927478
1131,Africa,1967,1014.514104
1132,Africa,1972,1698.388838
1133,Africa,1977,1981.951806
1134,Africa,1982,1576.97375
1135,Africa,1987,1385.029563
1136,Africa,1992,1619.848217
1137,Africa,1997,1624.941275
1138,Africa,2002,1615.286395
1139,Africa,2007,2013.977305
1140,Europe,1952,10095.42172
1141,Europe,1957,11653.97304
1142,Europe,1962,13450.40151
1143,Europe,1967,16361.87647
1144,Europe,1972,18965.05551
1145,Europe,1977,23311.34939
1146,Europe,1982,26298.63531
1147,Europe,1987,31540.9748
1148,Europe,1992,33965.66115
1149,Europe,1997,41283.16433
1150,Europe,2002,44683.97525
1151,Europe,2007,49357.19017
1152,Asia,1952,1828.230307
1153,Asia,1957,2242.746551
1154,Asia,1962,2924.638113
1155,Asia,1967,4720.942687
1156,Asia,1972,10618.03855
1157,Asia,1977,11848.34392
1158,Asia,1982,12954.79101
1159,Asia,1987,18115.22313
1160,Asia,1992,18616.70691
1161,Asia,1997,19702.05581
1162,Asia,2002,19774.83687
1163,Asia,2007,22316.19287
1164,Asia,1952,684.5971438
1165,Asia,1957,747.0835292
1166,Asia,1962,803.3427418
1167,Asia,1967,942.4082588
1168,Asia,1972,1049.938981
1169,Asia,1977,1175.921193
1170,Asia,1982,1443.429832
1171,Asia,1987,1704.686583
1172,Asia,1992,1971.829464
1173,Asia,1997,2049.350521
1174,Asia,2002,2092.712441
1175,Asia,2007,2605.94758
1176,Americas,1952,2480.380334
1177,Americas,1957,2961.800905
1178,Americas,1962,3536.540301
1179,Americas,1967,4421.009084
1180,Americas,1972,5364.249663
1181,Americas,1977,5351.912144
1182,Americas,1982,7009.601598
1183,Americas,1987,7034.779161
1184,Americas,1992,6618.74305
1185,Americas,1997,7113.692252
1186,Americas,2002,7356.031934
1187,Americas,2007,9809.185636
1188,Americas,1952,1952.308701
1189,Americas,1957,2046.154706
1190,Americas,1962,2148.027146
1191,Americas,1967,2299.376311
1192,Americas,1972,2523.337977
1193,Americas,1977,3248.373311
1194,Americas,1982,4258.503604
1195,Americas,1987,3998.875695
1196,Americas,1992,4196.411078
1197,Americas,1997,4247.400261
1198,Americas,2002,3783.674243
1199,Americas,2007,4172.838464
1200,Americas,1952,3758.523437
1201,Americas,1957,4245.256698
1202,Americas,1962,4957.037982
1203,Americas,1967,5788.09333
1204,Americas,1972,5937.827283
1205,Americas,1977,6281.290855
1206,Americas,1982,6434.501797
1207,Americas,1987,6360.943444
1208,Americas,1992,4446.380924
1209,Americas,1997,5838.347657
1210,Americas,2002,5909.020073
1211,Americas,2007,7408.905561
1212,Asia,1952,1272.880995
1213,Asia,1957,1547.944844
1214,Asia,1962,1649.552153
1215,Asia,1967,1814.12743
1216,Asia,1972,1989.37407
1217,Asia,1977,2373.204287
1218,Asia,1982,2603.273765
1219,Asia,1987,2189.634995
1220,Asia,1992,2279.324017
1221,Asia,1997,2536.534925
1222,Asia,2002,2650.921068
1223,Asia,2007,3190.481016
1224,Europe,1952,4029.329699
1225,Europe,1957,4734.253019
1226,Europe,1962,5338.752143
1227,Europe,1967,6557.152776
1228,Europe,1972,8006.506993
1229,Europe,1977,9508.141454
1230,Europe,1982,8451.531004
1231,Europe,1987,9082.351172
1232,Europe,1992,7738.881247
1233,Europe,1997,10159.58368
1234,Europe,2002,12002.23908
1235,Europe,2007,15389.92468
1236,Europe,1952,3068.319867
1237,Europe,1957,3774.571743
1238,Europe,1962,4727.954889
1239,Europe,1967,6361.517993
1240,Europe,1972,9022.247417
1241,Europe,1977,10172.48572
1242,Europe,1982,11753.84291
1243,Europe,1987,13039.30876
1244,Europe,1992,16207.26663
1245,Europe,1997,17641.03156
1246,Europe,2002,19970.90787
1247,Europe,2007,20509.64777
1248,Americas,1952,3081.959785
1249,Americas,1957,3907.156189
1250,Americas,1962,5108.34463
1251,Americas,1967,6929.277714
1252,Americas,1972,9123.041742
1253,Americas,1977,9770.524921
1254,Americas,1982,10330.98915
1255,Americas,1987,12281.34191
1256,Americas,1992,14641.58711
1257,Americas,1997,16999.4333
1258,Americas,2002,18855.60618
1259,Americas,2007,19328.70901
1260,Africa,1952,2718.885295
1261,Africa,1957,2769.451844
1262,Africa,1962,3173.72334
1263,Africa,1967,4021.175739
1264,Africa,1972,5047.658563
1265,Africa,1977,4319.804067
1266,Africa,1982,5267.219353
1267,Africa,1987,5303.377488
1268,Africa,1992,6101.255823
1269,Africa,1997,6071.941411
1270,Africa,2002,6316.1652
1271,Africa,2007,7670.122558
1272,Europe,1952,3144.613186
1273,Europe,1957,3943.370225
1274,Europe,1962,4734.997586
1275,Europe,1967,6470.866545
1276,Europe,1972,8011.414402
1277,Europe,1977,9356.39724
1278,Europe,1982,9605.314053
1279,Europe,1987,9696.273295
1280,Europe,1992,6598.409903
1281,Europe,1997,7346.547557
1282,Europe,2002,7885.360081
1283,Europe,2007,10808.47561
1284,Africa,1952,493.3238752
1285,Africa,1957,540.2893983
1286,Africa,1962,597.4730727
1287,Africa,1967,510.9637142
1288,Africa,1972,590.5806638
1289,Africa,1977,670.0806011
1290,Africa,1982,881.5706467
1291,Africa,1987,847.991217
1292,Africa,1992,737.0685949
1293,Africa,1997,589.9445051
1294,Africa,2002,785.6537648
1295,Africa,2007,863.0884639
1296,Africa,1952,879.5835855
1297,Africa,1957,860.7369026
1298,Africa,1962,1071.551119
1299,Africa,1967,1384.840593
1300,Africa,1972,1532.985254
1301,Africa,1977,1737.561657
1302,Africa,1982,1890.218117
1303,Africa,1987,1516.525457
1304,Africa,1992,1428.777814
1305,Africa,1997,1339.076036
1306,Africa,2002,1353.09239
1307,Africa,2007,1598.435089
1308,Asia,1952,6459.554823
1309,Asia,1957,8157.591248
1310,Asia,1962,11626.41975
1311,Asia,1967,16903.04886
1312,Asia,1972,24837.42865
1313,Asia,1977,34167.7626
1314,Asia,1982,33693.17525
1315,Asia,1987,21198.26136
1316,Asia,1992,24841.61777
1317,Asia,1997,20586.69019
1318,Asia,2002,19014.54118
1319,Asia,2007,21654.83194
1320,Africa,1952,1450.356983
1321,Africa,1957,1567.653006
1322,Africa,1962,1654.988723
1323,Africa,1967,1612.404632
1324,Africa,1972,1597.712056
1325,Africa,1977,1561.769116
1326,Africa,1982,1518.479984
1327,Africa,1987,1441.72072
1328,Africa,1992,1367.899369
1329,Africa,1997,1392.368347
1330,Africa,2002,1519.635262
1331,Africa,2007,1712.472136
1332,Europe,1952,3581.459448
1333,Europe,1957,4981.090891
1334,Europe,1962,6289.629157
1335,Europe,1967,7991.707066
1336,Europe,1972,10522.06749
1337,Europe,1977,12980.66956
1338,Europe,1982,15181.0927
1339,Europe,1987,15870.87851
1340,Europe,1992,9325.068238
1341,Europe,1997,7914.320304
1342,Europe,2002,7236.075251
1343,Europe,2007,9786.534714
1344,Africa,1952,879.7877358
1345,Africa,1957,1004.484437
1346,Africa,1962,1116.639877
1347,Africa,1967,1206.043465
1348,Africa,1972,1353.759762
1349,Africa,1977,1348.285159
1350,Africa,1982,1465.010784
1351,Africa,1987,1294.447788
1352,Africa,1992,1068.696278
1353,Africa,1997,574.6481576
1354,Africa,2002,699.489713
1355,Africa,2007,862.5407561
1356,Asia,1952,2315.138227
1357,Asia,1957,2843.104409
1358,Asia,1962,3674.735572
1359,Asia,1967,4977.41854
1360,Asia,1972,8597.756202
1361,Asia,1977,11210.08948
1362,Asia,1982,15169.16112
1363,Asia,1987,18861.53081
1364,Asia,1992,24769.8912
1365,Asia,1997,33519.4766
1366,Asia,2002,36023.1054
1367,Asia,2007,47143.17964
1368,Europe,1952,5074.659104
1369,Europe,1957,6093.26298
1370,Europe,1962,7481.107598
1371,Europe,1967,8412.902397
1372,Europe,1972,9674.167626
1373,Europe,1977,10922.66404
1374,Europe,1982,11348.54585
1375,Europe,1987,12037.26758
1376,Europe,1992,9498.467723
1377,Europe,1997,12126.23065
1378,Europe,2002,13638.77837
1379,Europe,2007,18678.31435
1380,Europe,1952,4215.041741
1381,Europe,1957,5862.276629
1382,Europe,1962,7402.303395
1383,Europe,1967,9405.489397
1384,Europe,1972,12383.4862
1385,Europe,1977,15277.03017
1386,Europe,1982,17866.72175
1387,Europe,1987,18678.53492
1388,Europe,1992,14214.71681
1389,Europe,1997,17161.10735
1390,Europe,2002,20660.01936
1391,Europe,2007,25768.25759
1392,Africa,1952,1135.749842
1393,Africa,1957,1258.147413
1394,Africa,1962,1369.488336
1395,Africa,1967,1284.73318
1396,Africa,1972,1254.576127
1397,Africa,1977,1450.992513
1398,Africa,1982,1176.807031
1399,Africa,1987,1093.244963
1400,Africa,1992,926.9602964
1401,Africa,1997,930.5964284
1402,Africa,2002,882.0818218
1403,Africa,2007,926.1410683
1404,Africa,1952,4725.295531
1405,Africa,1957,5487.104219
1406,Africa,1962,5768.729717
1407,Africa,1967,7114.477971
1408,Africa,1972,7765.962636
1409,Africa,1977,8028.651439
1410,Africa,1982,8568.266228
1411,Africa,1987,7825.823398
1412,Africa,1992,7225.069258
1413,Africa,1997,7479.188244
1414,Africa,2002,7710.946444
1415,Africa,2007,9269.657808
1416,Europe,1952,3834.034742
1417,Europe,1957,4564.80241
1418,Europe,1962,5693.843879
1419,Europe,1967,7993.512294
1420,Europe,1972,10638.75131
1421,Europe,1977,13236.92117
1422,Europe,1982,13926.16997
1423,Europe,1987,15764.98313
1424,Europe,1992,18603.06452
1425,Europe,1997,20445.29896
1426,Europe,2002,24835.47166
1427,Europe,2007,28821.0637
1428,Asia,1952,1083.53203
1429,Asia,1957,1072.546602
1430,Asia,1962,1074.47196
1431,Asia,1967,1135.514326
1432,Asia,1972,1213.39553
1433,Asia,1977,1348.775651
1434,Asia,1982,1648.079789
1435,Asia,1987,1876.766827
1436,Asia,1992,2153.739222
1437,Asia,1997,2664.477257
1438,Asia,2002,3015.378833
1439,Asia,2007,3970.095407
1440,Africa,1952,1615.991129
1441,Africa,1957,1770.337074
1442,Africa,1962,1959.593767
1443,Africa,1967,1687.997641
1444,Africa,1972,1659.652775
1445,Africa,1977,2202.988423
1446,Africa,1982,1895.544073
1447,Africa,1987,1507.819159
1448,Africa,1992,1492.197043
1449,Africa,1997,1632.210764
1450,Africa,2002,1993.398314
1451,Africa,2007,2602.394995
1452,Africa,1952,1148.376626
1453,Africa,1957,1244.708364
1454,Africa,1962,1856.182125
1455,Africa,1967,2613.101665
1456,Africa,1972,3364.836625
1457,Africa,1977,3781.410618
1458,Africa,1982,3895.384018
1459,Africa,1987,3984.839812
1460,Africa,1992,3553.0224
1461,Africa,1997,3876.76846
1462,Africa,2002,4128.116943
1463,Africa,2007,4513.480643
1464,Europe,1952,8527.844662
1465,Europe,1957,9911.878226
1466,Europe,1962,12329.44192
1467,Europe,1967,15258.29697
1468,Europe,1972,17832.02464
1469,Europe,1977,18855.72521
1470,Europe,1982,20667.38125
1471,Europe,1987,23586.92927
1472,Europe,1992,23880.01683
1473,Europe,1997,25266.59499
1474,Europe,2002,29341.63093
1475,Europe,2007,33859.74835
1476,Europe,1952,14734.23275
1477,Europe,1957,17909.48973
1478,Europe,1962,20431.0927
1479,Europe,1967,22966.14432
1480,Europe,1972,27195.11304
1481,Europe,1977,26982.29052
1482,Europe,1982,28397.71512
1483,Europe,1987,30281.70459
1484,Europe,1992,31871.5303
1485,Europe,1997,32135.32301
1486,Europe,2002,34480.95771
1487,Europe,2007,37506.41907
1488,Asia,1952,1643.485354
1489,Asia,1957,2117.234893
1490,Asia,1962,2193.037133
1491,Asia,1967,1881.923632
1492,Asia,1972,2571.423014
1493,Asia,1977,3195.484582
1494,Asia,1982,3761.837715
1495,Asia,1987,3116.774285
1496,Asia,1992,3340.542768
1497,Asia,1997,4014.238972
1498,Asia,2002,4090.925331
1499,Asia,2007,4184.548089
1500,Asia,1952,1206.947913
1501,Asia,1957,1507.86129
1502,Asia,1962,1822.879028
1503,Asia,1967,2643.858681
1504,Asia,1972,4062.523897
1505,Asia,1977,5596.519826
1506,Asia,1982,7426.354774
1507,Asia,1987,11054.56175
1508,Asia,1992,15215.6579
1509,Asia,1997,20206.82098
1510,Asia,2002,23235.42329
1511,Asia,2007,28718.27684
1512,Africa,1952,716.6500721
1513,Africa,1957,698.5356073
1514,Africa,1962,722.0038073
1515,Africa,1967,848.2186575
1516,Africa,1972,915.9850592
1517,Africa,1977,962.4922932
1518,Africa,1982,874.2426069
1519,Africa,1987,831.8220794
1520,Africa,1992,825.682454
1521,Africa,1997,789.1862231
1522,Africa,2002,899.0742111
1523,Africa,2007,1107.482182
1524,Asia,1952,757.7974177
1525,Asia,1957,793.5774148
1526,Asia,1962,1002.199172
1527,Asia,1967,1295.46066
1528,Asia,1972,1524.358936
1529,Asia,1977,1961.224635
1530,Asia,1982,2393.219781
1531,Asia,1987,2982.653773
1532,Asia,1992,4616.896545
1533,Asia,1997,5852.625497
1534,Asia,2002,5913.187529
1535,Asia,2007,7458.396327
1536,Africa,1952,859.8086567
1537,Africa,1957,925.9083202
1538,Africa,1962,1067.53481
1539,Africa,1967,1477.59676
1540,Africa,1972,1649.660188
1541,Africa,1977,1532.776998
1542,Africa,1982,1344.577953
1543,Africa,1987,1202.201361
1544,Africa,1992,1034.298904
1545,Africa,1997,982.2869243
1546,Africa,2002,886.2205765
1547,Africa,2007,882.9699438
1548,Americas,1952,3023.271928
1549,Americas,1957,4100.3934
1550,Americas,1962,4997.523971
1551,Americas,1967,5621.368472
1552,Americas,1972,6619.551419
1553,Americas,1977,7899.554209
1554,Americas,1982,9119.528607
1555,Americas,1987,7388.597823
1556,Americas,1992,7370.990932
1557,Americas,1997,8792.573126
1558,Americas,2002,11460.60023
1559,Americas,2007,18008.50924
1560,Africa,1952,1468.475631
1561,Africa,1957,1395.232468
1562,Africa,1962,1660.30321
1563,Africa,1967,1932.360167
1564,Africa,1972,2753.285994
1565,Africa,1977,3120.876811
1566,Africa,1982,3560.233174
1567,Africa,1987,3810.419296
1568,Africa,1992,4332.720164
1569,Africa,1997,4876.798614
1570,Africa,2002,5722.895655
1571,Africa,2007,7092.923025
1572,Europe,1952,1969.10098
1573,Europe,1957,2218.754257
1574,Europe,1962,2322.869908
1575,Europe,1967,2826.356387
1576,Europe,1972,3450.69638
1577,Europe,1977,4269.122326
1578,Europe,1982,4241.356344
1579,Europe,1987,5089.043686
1580,Europe,1992,5678.348271
1581,Europe,1997,6601.429915
1582,Europe,2002,6508.085718
1583,Europe,2007,8458.276384
1584,Africa,1952,734.753484
1585,Africa,1957,774.3710692
1586,Africa,1962,767.2717398
1587,Africa,1967,908.9185217
1588,Africa,1972,950.735869
1589,Africa,1977,843.7331372
1590,Africa,1982,682.2662268
1591,Africa,1987,617.7244065
1592,Africa,1992,644.1707969
1593,Africa,1997,816.559081
1594,Africa,2002,927.7210018
1595,Africa,2007,1056.380121
1596,Europe,1952,9979.508487
1597,Europe,1957,11283.17795
1598,Europe,1962,12477.17707
1599,Europe,1967,14142.85089
1600,Europe,1972,15895.11641
1601,Europe,1977,17428.74846
1602,Europe,1982,18232.42452
1603,Europe,1987,21664.78767
1604,Europe,1992,22705.09254
1605,Europe,1997,26074.53136
1606,Europe,2002,29478.99919
1607,Europe,2007,33203.26128
1608,Americas,1952,13990.48208
1609,Americas,1957,14847.12712
1610,Americas,1962,16173.14586
1611,Americas,1967,19530.36557
1612,Americas,1972,21806.03594
1613,Americas,1977,24072.63213
1614,Americas,1982,25009.55914
1615,Americas,1987,29884.35041
1616,Americas,1992,32003.93224
1617,Americas,1997,35767.43303
1618,Americas,2002,39097.09955
1619,Americas,2007,42951.65309
1620,Americas,1952,5716.766744
1621,Americas,1957,6150.772969
1622,Americas,1962,5603.357717
1623,Americas,1967,5444.61962
1624,Americas,1972,5703.408898
1625,Americas,1977,6504.339663
1626,Americas,1982,6920.223051
1627,Americas,1987,7452.398969
1628,Americas,1992,8137.004775
1629,Americas,1997,9230.240708
1630,Americas,2002,7727.002004
1631,Americas,2007,10611.46299
1632,Americas,1952,7689.799761
1633,Americas,1957,9802.466526
1634,Americas,1962,8422.974165
1635,Americas,1967,9541.474188
1636,Americas,1972,10505.25966
1637,Americas,1977,13143.95095
1638,Americas,1982,11152.41011
1639,Americas,1987,9883.584648
1640,Americas,1992,10733.92631
1641,Americas,1997,10165.49518
1642,Americas,2002,8605.047831
1643,Americas,2007,11415.80569
1644,Asia,1952,605.0664917
1645,Asia,1957,676.2854478
1646,Asia,1962,772.0491602
1647,Asia,1967,637.1232887
1648,Asia,1972,699.5016441
1649,Asia,1977,713.5371196
1650,Asia,1982,707.2357863
1651,Asia,1987,820.7994449
1652,Asia,1992,989.0231487
1653,Asia,1997,1385.896769
1654,Asia,2002,1764.456677
1655,Asia,2007,2441.576404
1656,Asia,1952,1515.592329
1657,Asia,1957,1827.067742
1658,Asia,1962,2198.956312
1659,Asia,1967,2649.715007
1660,Asia,1972,3133.409277
1661,Asia,1977,3682.831494
1662,Asia,1982,4336.032082
1663,Asia,1987,5107.197384
1664,Asia,1992,6017.654756
1665,Asia,1997,7110.667619
1666,Asia,2002,4515.487575
1667,Asia,2007,3025.349798
1668,Asia,1952,781.7175761
1669,Asia,1957,804.8304547
1670,Asia,1962,825.6232006
1671,Asia,1967,862.4421463
1672,Asia,1972,1265.047031
1673,Asia,1977,1829.765177
1674,Asia,1982,1977.55701
1675,Asia,1987,1971.741538
1676,Asia,1992,1879.496673
1677,Asia,1997,2117.484526
1678,Asia,2002,2234.820827
1679,Asia,2007,2280.769906
1680,Africa,1952,1147.388831
1681,Africa,1957,1311.956766
1682,Africa,1962,1452.725766
1683,Africa,1967,1777.077318
1684,Africa,1972,1773.498265
1685,Africa,1977,1588.688299
1686,Africa,1982,1408.678565
1687,Africa,1987,1213.315116
1688,Africa,1992,1210.884633
1689,Africa,1997,1071.353818
1690,Africa,2002,1071.613938
1691,Africa,2007,1271.211593
1692,Africa,1952,406.8841148
1693,Africa,1957,518.7642681
1694,Africa,1962,527.2721818
1695,Africa,1967,569.7950712
1696,Africa,1972,799.3621758
1697,Africa,1977,685.5876821
1698,Africa,1982,788.8550411
1699,Africa,1987,706.1573059
1700,Africa,1992,693.4207856
1701,Africa,1997,792.4499603
1702,Africa,2002,672.0386227
1703,Africa,2007,469.7092981
